------数据初始化
/*服务目录模块***********************************************************************************/
INSERT INTO  `TB_SERVICE_CATEGORY` (`PARENT_ID`, `NAME`, `ICON`, `STATUS`, `DESCRIPTION`, `CREATE_TIME`, `UPDATE_TIME`) VALUES ('-1', '互动', 'http://interact', '1', '签到,收藏有礼等服务', '2015-06-18', '2015-06-18');
INSERT INTO  `TB_SERVICE_CATEGORY` (`PARENT_ID`, `NAME`, `ICON`, `STATUS`, `DESCRIPTION`, `CREATE_TIME`, `UPDATE_TIME`) VALUES ('-1', '溯源', 'http://market', '1', '扫码溯源,扫码验真等服务', '2015-06-18', '2015-06-18');
/*服务定义模块*/
INSERT INTO `TB_SERVICE_DEFINE` ( `NAME`, `ENAME`, `CATEGORY_ID`, `DESCRIPTION`, `ICON`, `STATUS`, `CREATE_TIME`, `UPDATE_TIME`) VALUES ('收藏有礼', 'fav', '1', '收藏有礼', 'http://fav', '1', '2015-06-18 00:00:00', '2015-06-18 00:00:00');
INSERT INTO `TB_SERVICE_DEFINE` ( `NAME`, `ENAME`, `CATEGORY_ID`, `DESCRIPTION`, `ICON`, `STATUS`, `CREATE_TIME`, `UPDATE_TIME`) VALUES ('签到', 'sign', '1', '签到', 'http://sign', '1', '2015-06-18 00:00:00', '2015-06-18 00:00:00');
INSERT INTO `TB_SERVICE_DEFINE` ( `NAME`, `ENAME`, `CATEGORY_ID`, `DESCRIPTION`, `ICON`, `STATUS`, `CREATE_TIME`, `UPDATE_TIME`) VALUES ( '扫码溯源', 'src', '1', '扫码溯源', 'http://src', '2', '2015-06-18 00:00:00', '2015-06-18 00:00:00');
/*服务版本*/
INSERT INTO `TB_SERVICE_VERSION` (`VERSION_ID`, `DEFINE_ID`, `NAME`, `DESCRIPTION`, `MONTH_PRICE`, `QUARTER_PRICE`, `HALFYEAR_PRICE`, `YEAR_PRICE`, `TRIAL_DAYS`, `CREATE_TIME`, `UPDATE_TIME`) VALUES ('1', '1', '收藏有礼,基础版', '收藏有礼,双十一送红包版',15, 27,45,60,15,'2015-06-18 00:00:00', '2015-06-18 00:00:00');
INSERT INTO `TB_SERVICE_VERSION` (`VERSION_ID`, `DEFINE_ID`, `NAME`, `DESCRIPTION`, `MONTH_PRICE`, `QUARTER_PRICE`, `HALFYEAR_PRICE`, `YEAR_PRICE`, `TRIAL_DAYS`,`CREATE_TIME`, `UPDATE_TIME`) VALUES ('2', '1', '收藏有礼,全能版', '收藏有礼,全能版', 5, 7,15,20,7,'2015-06-18 00:00:00', '2015-06-18 00:00:00');
INSERT INTO `TB_SERVICE_VERSION` (`VERSION_ID`, `DEFINE_ID`, `NAME`, `DESCRIPTION`, `MONTH_PRICE`, `QUARTER_PRICE`, `HALFYEAR_PRICE`, `YEAR_PRICE`, `TRIAL_DAYS`, `CREATE_TIME`, `UPDATE_TIME`) VALUES ('3', '2', '签到,基础版', '签到,基础版', 15, 27,45,60,7,'2015-06-18 00:00:00', '2015-06-18 00:00:00');
INSERT INTO `TB_SERVICE_VERSION` (`VERSION_ID`, `DEFINE_ID`, `NAME`, `DESCRIPTION`, `MONTH_PRICE`, `QUARTER_PRICE`, `HALFYEAR_PRICE`, `YEAR_PRICE`, `TRIAL_DAYS`,`CREATE_TIME`, `UPDATE_TIME`) VALUES ('4', '2', '签到,高级版', '签到,高级版', 15, 27,45,60,7,'2015-06-18 00:00:00', '2015-06-18 00:00:00');
/*服务订单*/
INSERT INTO `TB_SERVICE_ORDER` (`ORDER_ID`, `DEFINE_ID`, `VERSION_ID`, `SELLER_NICK`, `ORDER_TIME`, `ORDER_DURATION`, `PRICE`, `STATUS`, `CREATE_TIME`, `UPDATE_TIME`) VALUES ('1', '1', '1', 'liangzhou20066', '2015-06-18 00:00:00', '15', '0', '1', '2015-06-18 00:00:00', '2015-06-18 00:00:00');
INSERT INTO `TB_SERVICE_ORDER` (`ORDER_ID`, `DEFINE_ID`, `VERSION_ID`, `SELLER_NICK`, `ORDER_TIME`, `ORDER_DURATION`, `PRICE`, `STATUS`, `CREATE_TIME`, `UPDATE_TIME`) VALUES ('2', '2', '3', 'liangzhou20066', '2015-06-18 00:00:00', '180', '80', '1', '2015-06-18 00:00:00', '2015-06-18 00:00:00');




/*系统基础（系统模块）***********************************************************************************/
INSERT INTO `TB_SYS_CONFIG` (`NAME`, `CODE`, `VALUESS`, `IS_SINGLE_VALUE`, `DATA_TYPE`, `METO`, `HOLD1`, `HOLD2`, `CREATE_TIME`, `UPDATE_TIME`) VALUES ('test1', 'test1', 'test1', 1, 'STRING', 'meto', 'hold1', 'hold2', '2015-06-18', '2015-06-18');
INSERT INTO `TB_SYS_CONFIG` (`NAME`, `CODE`, `VALUESS`, `IS_SINGLE_VALUE`, `DATA_TYPE`, `METO`, `HOLD1`, `HOLD2`, `CREATE_TIME`, `UPDATE_TIME`) VALUES ('test2', 'test2', 'test2', 1, 'STRING', 'meto', 'hold1', 'hold2', '2015-06-18', '2015-06-18');




/*产品类目（产品模块）***********************************************************************************/
INSERT INTO `TB_PRD_CATEGORY` (`CATEGORY_ID`, `CATEGORY_CODE`, `NAME`, `P_CATEGORY_ID`, `IS_LEAF`, `STATUS`, `DESCRIPTION`, `HOLD1`, `CREATE_TIME`, `UPDATE_TIME`) VALUES ('1', 'ELE', '家用电器', '-1', '0', '1', '家用电器描述', '无', '2015-8-10 14:16:00', '2015-8-10 14:16:00');
INSERT INTO `TB_PRD_CATEGORY` (`CATEGORY_ID`, `CATEGORY_CODE`, `NAME`, `P_CATEGORY_ID`, `IS_LEAF`, `STATUS`, `DESCRIPTION`, `HOLD1`, `CREATE_TIME`, `UPDATE_TIME`) VALUES ('2', 'ELE_01', '大家电', '1', '0', '1', '大家电描述', '无', '2015-8-10 14:16:00', '2015-8-10 14:16:00');
INSERT INTO `TB_PRD_CATEGORY` (`CATEGORY_ID`, `CATEGORY_CODE`, `NAME`, `P_CATEGORY_ID`, `IS_LEAF`, `STATUS`, `DESCRIPTION`, `HOLD1`, `CREATE_TIME`, `UPDATE_TIME`) VALUES ('3', 'ELE_01_01', '冰箱', '2', '1', '1', '冰箱描述', '无', '2015-8-10 14:16:00', '2015-8-10 14:16:00');
INSERT INTO `TB_PRD_CATEGORY` (`CATEGORY_ID`, `CATEGORY_CODE`, `NAME`, `P_CATEGORY_ID`, `IS_LEAF`, `STATUS`, `DESCRIPTION`, `HOLD1`, `CREATE_TIME`, `UPDATE_TIME`) VALUES ('4', 'DIGITAL', '数码', '-1', '0', '1', '数码描述', '无', '2015-8-10 14:16:00', '2015-8-10 14:16:00');
INSERT INTO `TB_PRD_CATEGORY` (`CATEGORY_ID`, `CATEGORY_CODE`, `NAME`, `P_CATEGORY_ID`, `IS_LEAF`, `STATUS`, `DESCRIPTION`, `HOLD1`, `CREATE_TIME`, `UPDATE_TIME`) VALUES ('5', 'DIGITAL_01', '手机', '4', '1', '1', '手机描述', '无', '2015-8-10 14:16:00', '2015-8-10 14:16:00');

/*产品类目属性组*/
INSERT INTO `TB_PRD_CATEATTRGROUP` (`CATEGORY_ATTRGROUP_ID`, `CATEGORY_ID`, `ATTRGROUP_NAME`, `STATUS`, `DESCRIPTION`) VALUES ('1', '5', '基本参数', '1', '基本参数DESC');
INSERT INTO `TB_PRD_CATEATTRGROUP` (`CATEGORY_ATTRGROUP_ID`, `CATEGORY_ID`, `ATTRGROUP_NAME`, `STATUS`, `DESCRIPTION`) VALUES ('2', '5', '存储', '1', '存储DESC');
INSERT INTO `TB_PRD_CATEATTRGROUP` (`CATEGORY_ATTRGROUP_ID`, `CATEGORY_ID`, `ATTRGROUP_NAME`, `STATUS`, `DESCRIPTION`) VALUES ('3', '5', '网络', '1', '网络DESC');
INSERT INTO `TB_PRD_CATEATTRGROUP` (`CATEGORY_ATTRGROUP_ID`, `CATEGORY_ID`, `ATTRGROUP_NAME`, `STATUS`, `DESCRIPTION`) VALUES ('4', '5', '显示', '1', '显示DESC');
INSERT INTO `TB_PRD_CATEATTRGROUP` (`CATEGORY_ATTRGROUP_ID`, `CATEGORY_ID`, `ATTRGROUP_NAME`, `STATUS`, `DESCRIPTION`) VALUES ('5', '5', '机身详情', '1', '机身详情DESC');
INSERT INTO `TB_PRD_CATEATTRGROUP` (`CATEGORY_ATTRGROUP_ID`, `CATEGORY_ID`, `ATTRGROUP_NAME`, `STATUS`, `DESCRIPTION`) VALUES ('6', '3', '基本参数', '1', '基本参数DESC');
INSERT INTO `TB_PRD_CATEATTRGROUP` (`CATEGORY_ATTRGROUP_ID`, `CATEGORY_ID`, `ATTRGROUP_NAME`, `STATUS`, `DESCRIPTION`) VALUES ('7', '3', '技术参数', '1', '技术参数DESC');
INSERT INTO `TB_PRD_CATEATTRGROUP` (`CATEGORY_ATTRGROUP_ID`, `CATEGORY_ID`, `ATTRGROUP_NAME`, `STATUS`, `DESCRIPTION`) VALUES ('8', '3', '容积', '1', '容积DESC');

/*产品类目属性*/
INSERT INTO `TB_PRD_CATEGORYATTR` (`CATEGORY_ATTR_ID`, `CATEGORY_ATTRGROUP_ID`, `ATTR_NAME`, `ATTR_ENAME`, `DATA_TYPE`, `SKU_FLG`, `MULT_FLG`) VALUES ('1', '4', '尺寸', 'Size', 'STRING', '0', '0');
INSERT INTO `TB_PRD_CATEGORYATTR` (`CATEGORY_ATTR_ID`, `CATEGORY_ATTRGROUP_ID`, `ATTR_NAME`, `ATTR_ENAME`, `DATA_TYPE`, `SKU_FLG`, `MULT_FLG`) VALUES ('2', '4', '触摸屏类型', 'Touch screen type', 'STRING', '0', '0');
INSERT INTO `TB_PRD_CATEGORYATTR` (`CATEGORY_ATTR_ID`, `CATEGORY_ATTRGROUP_ID`, `ATTR_NAME`, `ATTR_ENAME`, `DATA_TYPE`, `SKU_FLG`, `MULT_FLG`) VALUES ('3', '4', '分辨率', 'Resolution', 'STRING', '0', '0');
INSERT INTO `TB_PRD_CATEGORYATTR` (`CATEGORY_ATTR_ID`, `CATEGORY_ATTRGROUP_ID`, `ATTR_NAME`, `ATTR_ENAME`, `DATA_TYPE`, `SKU_FLG`, `MULT_FLG`) VALUES ('4', '2', '运行内存RAM', 'Running memory RAM', 'STRING', '1', '0');
INSERT INTO `TB_PRD_CATEGORYATTR` (`CATEGORY_ATTR_ID`, `CATEGORY_ATTRGROUP_ID`, `ATTR_NAME`, `ATTR_ENAME`, `DATA_TYPE`, `SKU_FLG`, `MULT_FLG`) VALUES ('5', '2', '机身内存', 'Body memory', 'STRING', '1', '0');

/*产品信息*/
INSERT INTO  `TB_PRD_PRODUCT` (`PRODUCT_ID`, `CATEGORY_ID`, `SELLER_NICK`, `PRD_CODE`, `NAME`, `BRAND`, `TITLE`, `PRICE`, `IS_GIFT`, `IMAGE1_URL`, `IMAGE2_URL`, `PRD_URL`, `STATUS`) VALUES ('1', '5', 'liangzhou20066', 'DIGITAL_01_XM4', 'Xiaomi/小米 小米手机4', 'Xiaomi/小米', '小米4分期Xiaomi/小米 小米手机4 2GB内存版智能安卓大屏正品包邮', '1499', '0', 'https://img.alicdn.com/imgextra/i1/1714128138/TB2hPtqcFXXXXcPXpXXXXXXXXXX_!!1714128138.jpg_430x430q90.jpg', 'https://img.alicdn.com/imgextra/i1/1714128138/TB2TB2FaVXXXXc4XXXXXXXXXXXX_!!1714128138.jpg_430x430q90.jpg', 'https://detail.tmall.com/item.htm?spm=a230r.1.14.3.OAQSQi&id=42154201960&cm_id=140105335569ed55e27b&abbucket=11&sku_properties=5919063:6536025', '1');
INSERT INTO `TB_PRD_PRODUCT` (`PRODUCT_ID`, `CATEGORY_ID`, `SELLER_NICK`, `PRD_CODE`, `NAME`, `BRAND`, `TITLE`, `PRICE`, `IS_GIFT`, `IMAGE1_URL`, `IMAGE2_URL`, `PRD_URL`, `STATUS`) VALUES ('2', '3', 'liangzhou20066', 'ELE_01_01_BCD-572WDPM', 'Haier/海尔 BCD-572WDPM 572升对开门 冷藏冷冻 电冰箱 风冷无霜', 'Haier/海尔', 'Haier/海尔 BCD-572WDPM 572升对开门 冷藏冷冻 电冰箱 风冷无霜\n572升容量 超大容量 风冷无霜 营养不流失', '3899', '0', 'https://img.alicdn.com/bao/uploaded/i3/TB1ttaEIFXXXXc3aXXXXXXXXXXX_!!0-item_pic.jpg_430x430q90.jpg', 'https://img.alicdn.com/imgextra/i1/470168984/TB2scanepXXXXcMXXXXXXXXXXXX_!!470168984.jpg_430x430q90.jpg', 'https://detail.tmall.com/item.htm?spm=a230r.1.14.3.EWPMi0&id=44221717389&cm_id=140105335569ed55e27b&abbucket=11', '1');


/*产品扩展属性*/
INSERT INTO `TB_PRD_PRTEXTATTR` (`PRT_EXTATTR_ID`, `PRODUCT_ID`, `ATTR_VALUES`) VALUES ('1', '1', '{1:\"5.0英寸\", 2:\"电容式\", 3: \"1920x1080\", 4: \"2GB\" , 5:[\"16GB\", \"32GB\"] }');



/*奖品类型（活动模块）***********************************************************************************/
INSERT INTO `TB_ACT_PRIZETYPE` (`PRIZETYPE_ID`, `PRIZETYPE_CODE`, `PRIZETYPE_UNIT`, `NAME`, `TYPE`, `METO`, `STATUS`, `PLATFORM`, `CREATE_TIME`, `UPDATE_TIME`) VALUES ('1', 'MOBILE_FEE', '元', '话费', 'VIR', '无', '1', '{\"ALL\":1, \"WX\":0, \"TAO\":1}', '2015-8-19', '2015-8-19');
INSERT INTO `TB_ACT_PRIZETYPE` (`PRIZETYPE_ID`, `PRIZETYPE_CODE`, `PRIZETYPE_UNIT`, `NAME`, `TYPE`, `METO`, `STATUS`, `PLATFORM`, `CREATE_TIME`, `UPDATE_TIME`) VALUES ('2', 'FLOW', 'M', '流量', 'VIR', '无', '1', '{\"ALL\":1, \"WX\":0, \"TAO\":1}', '2015-8-19', '2015-8-19');
INSERT INTO `TB_ACT_PRIZETYPE` (`PRIZETYPE_ID`, `PRIZETYPE_CODE`, `PRIZETYPE_UNIT`, `NAME`, `TYPE`, `METO`, `STATUS`, `PLATFORM`, `CREATE_TIME`, `UPDATE_TIME`) VALUES ('3', 'RED_PACKAGE', '元', '红包', 'VIR', '无', '1', '{\"ALL\":1, \"WX\":0, \"TAO\":1}', '2015-8-19', '2015-8-19');
INSERT INTO `TB_ACT_PRIZETYPE` (`PRIZETYPE_ID`, `PRIZETYPE_CODE`, `PRIZETYPE_UNIT`, `NAME`, `TYPE`, `METO`, `STATUS`, `PLATFORM`, `CREATE_TIME`, `UPDATE_TIME`) VALUES ('4', 'POINT', '分', '积分', 'VIR', '无', '1', '{\"ALL\":1, \"WX\":0, \"TAO\":1}', '2015-8-19', '2015-8-19');

/*奖池*/
INSERT INTO `TB_ACT_PRIZEPOOL` (`PRIZEPOOL_ID`, `SELLER_NICK`, `NAME`, `EVERYDAY_AWARD`, `TOTAL_AWARD`, `IS_LIMIT`, `DESCRIPTION`, `STATUS`, `START_TIME`, `END_TIME`, `CREATE_TIME`, `UPDATE_TIME`) VALUES ('1', 'liangzhou2006', '七夕活动奖池', '1', '3', '1', '无', '1', '2015-8-19', '2015-8-20', '2015-8-19', '2015-8-19');
INSERT INTO `TB_ACT_PRIZEPOOL` (`PRIZEPOOL_ID`, `SELLER_NICK`, `NAME`, `EVERYDAY_AWARD`, `TOTAL_AWARD`, `IS_LIMIT`, `DESCRIPTION`, `STATUS`, `START_TIME`, `END_TIME`, `CREATE_TIME`, `UPDATE_TIME`) VALUES ('2', 'liangzhou2006', '八一八理财体验金活动奖池', '1', '3', '1', '无', '1', '2015-8-19', '2015-8-30', '2015-8-19', '2015-8-19');
INSERT INTO `TB_ACT_PRIZEPOOL` (`PRIZEPOOL_ID`, `SELLER_NICK`, `NAME`, `EVERYDAY_AWARD`, `TOTAL_AWARD`, `IS_LIMIT`, `DESCRIPTION`, `STATUS`, `START_TIME`, `END_TIME`, `CREATE_TIME`, `UPDATE_TIME`) VALUES ('3', 'liangzhou2006', '测试活动奖池', '1', '3', '1', '测试活动奖池描述', '1', '2015-8-19', '2015-8-30', '2015-8-19', '2015-8-19');

/*奖项*/
INSERT INTO `TB_ACT_PRIZEITEM` (`PRIZEITEM_ID`, `PRIZETYPE_ID`, `PRIZEPOOL_ID`, `NAME`, `METO`, `PRIZE_NUM`, `REMIND_NUM`, `PRICE`, `RATE`, `STATUS`, `LIMIT_TYPE`, `LIMIT_NUM`, `CREATE_TIME`, `UPDATE_TIME`) VALUES ('1', '1', '1', '2元话费', '2元话费', '50', '50', '200', '20', '1', '0', '0', '2015-8-20', '2015-8-20');
INSERT INTO `TB_ACT_PRIZEITEM` (`PRIZEITEM_ID`, `PRIZETYPE_ID`, `PRIZEPOOL_ID`, `NAME`, `METO`, `PRIZE_NUM`, `REMIND_NUM`, `PRICE`, `RATE`, `STATUS`, `LIMIT_TYPE`, `LIMIT_NUM`, `CREATE_TIME`, `UPDATE_TIME`) VALUES ('2', '2', '1', '5M流量', '5M流量', '1000', '1000', '50', '40', '1', '1', '3', '2015-8-20', '2015-8-20');
INSERT INTO `TB_ACT_PRIZEITEM` (`PRIZEITEM_ID`, `PRIZETYPE_ID`, `PRIZEPOOL_ID`, `NAME`, `METO`, `PRIZE_NUM`, `REMIND_NUM`, `PRICE`, `RATE`, `STATUS`, `LIMIT_TYPE`, `LIMIT_NUM`, `CREATE_TIME`, `UPDATE_TIME`) VALUES ('3', '3', '1', '2元红包', '2元红包', '2000', '2000', '200', '40', '1', '1', '5', '2015-8-20', '2015-8-20');
INSERT INTO `TB_ACT_PRIZEITEM` (`PRIZEITEM_ID`, `PRIZETYPE_ID`, `PRIZEPOOL_ID`, `NAME`, `METO`, `PRIZE_NUM`, `REMIND_NUM`, `PRICE`, `RATE`, `STATUS`, `LIMIT_TYPE`, `LIMIT_NUM`, `CREATE_TIME`, `UPDATE_TIME`) VALUES ('4', '4', '2', '10积分', '10积分', '100000', '100000', '10', '80', '1', '0', '3', '2015-8-20', '2015-8-20');
INSERT INTO `TB_ACT_PRIZEITEM` (`PRIZEITEM_ID`, `PRIZETYPE_ID`, `PRIZEPOOL_ID`, `NAME`, `METO`, `PRIZE_NUM`, `REMIND_NUM`, `PRICE`, `RATE`, `STATUS`, `LIMIT_TYPE`, `LIMIT_NUM`, `CREATE_TIME`, `UPDATE_TIME`) VALUES ('5', '2', '2', '5M流量', '5M流量', '500', '500', '50', '20', '1', '0', '8', '2015-8-20', '2015-8-20');

/*活动*/
INSERT INTO `TB_ACT_ACTIVITY` (`ACTIVITY_ID`, `PRIZEPOOL_ID`, `ACTIVITY_NAME`, `SERVICE_DEFINE_ID`, `SELLER_NICK`, `START_TIME`, `END_TIME`, `MEMBER_LIMIT`, `STATUS`, `RULES`, `METO`, `HOLD1`, `HOLD2`, `CREATE_TIME`, `UPDATE_TIME`, `UPDATE_PERSON`, `IS_EXPIRE_REMIND`) VALUES ('1', '1', '七夕情人节活动', '1', 'liangzhou20066', '2015-8-20', '2015-8-31', '1', '1', '无', '无', 'hold1', 'hold2', '2015-8-24', '2015-8-24', 'liangzhou20066', '1');
INSERT INTO `TB_ACT_ACTIVITY` (`ACTIVITY_ID`, `PRIZEPOOL_ID`, `ACTIVITY_NAME`, `SERVICE_DEFINE_ID`, `SELLER_NICK`, `START_TIME`, `END_TIME`, `MEMBER_LIMIT`, `STATUS`, `RULES`, `METO`, `HOLD1`, `HOLD2`, `CREATE_TIME`, `UPDATE_TIME`, `UPDATE_PERSON`, `IS_EXPIRE_REMIND`) VALUES ('2', '2', '腾讯理财通818活动', '2', 'liangzhou20066', '2015-8-18', '2015-8-31', '1', '1', '{account:\"qq\", inverst:100, send:200}', '无', 'hold1', 'hold2', '2015-8-24', '2015-8-24', 'liangzhou20066', '0');

/**活动参与记录*/
INSERT INTO `TB_ACT_ATTEND` (`ATTEND_ID`, `BUYER_NICK`, `ACTIVITY_ID`, `ATTEND_TIME`, `IS_WIN`, `IS_AWARD`, `PRIZETYPE_CODE`, `PRIZEMITEM_ID`, `AWARD_NUM`, `PARAM1`, `FAILURE_TIMES`, `CREATE_TIME`) VALUES ('1', 'zhouliang', '1', '2015-8-24', '1', '1', 'MOBILE_FEE', '1', '1', '200', '0', '2015-8-24');
INSERT INTO `TB_ACT_ATTEND` (`ATTEND_ID`, `BUYER_NICK`, `ACTIVITY_ID`, `ATTEND_TIME`, `IS_WIN`, `IS_AWARD`, `PRIZETYPE_CODE`, `PRIZEMITEM_ID`, `AWARD_NUM`, `PARAM1`, `FAILURE_TIMES`, `CREATE_TIME`) VALUES ('2', 'zhouyang', '1', '2015-8-24', '1', '0', 'RED_PACKAGE', '3', '1', '200', '0', '2015-8-24');
INSERT INTO `TB_ACT_ATTEND` (`ATTEND_ID`, `BUYER_NICK`, `ACTIVITY_ID`, `ATTEND_TIME`, `IS_WIN`, `IS_AWARD`, `AWARD_NUM`, `FAILURE_TIMES`, `CREATE_TIME`) VALUES ('3', 'yanjunpin', '2', '2015-8-24', '0', '0', '0', '0', '2015-8-24');

/**发放奖品失败记录*/
INSERT INTO `TB_ACT_ATTENDRD_FAILURE` (`FAILURE_ID`, `ACTIVITY_ID`, `ACTIVITY_NAME`, `BUYER_NICK`, `FAILURE_REASON`, `FAILURE_TIMES`, `ATTEND_ID`, `UPDATE_TIME`) VALUES ('1', '1', '七夕情人节活动', 'zhouliang', '话费余额不足', '3', '1', '2015-8-25');
INSERT INTO `TB_ACT_ATTENDRD_FAILURE` (`FAILURE_ID`, `ACTIVITY_ID`, `ACTIVITY_NAME`, `BUYER_NICK`, `FAILURE_REASON`, `FAILURE_TIMES`, `ATTEND_ID`, `UPDATE_TIME`) VALUES ('2', '1', '七夕情人节活动', 'zhouliang', '代理商发放流量接口调用失败', '4', '4', '2015-8-25');

/**活动次数*/
INSERT INTO `TB_ACT_TIMES` (`TIMES_ID`, `ACTIVITY_ID`, `BUYER_NICK`, `TIMES`, `LIMIT_TYPE`, `CREATE_TIME`, `UPDATE_TIME`) VALUES ('1', '1', 'zhouliang', '1', '1', '2015-8-25', '2015-8-25');
INSERT INTO `TB_ACT_TIMES` (`TIMES_ID`, `ACTIVITY_ID`, `BUYER_NICK`, `TIMES`, `LIMIT_TYPE`, `CREATE_TIME`, `UPDATE_TIME`) VALUES ('2', '2', 'zhouyang', '2', '1', '2015-8-25', '2015-8-25');
INSERT INTO `TB_ACT_TIMES` (`TIMES_ID`, `ACTIVITY_ID`, `BUYER_NICK`, `TIMES`, `LIMIT_TYPE`, `CREATE_TIME`, `UPDATE_TIME`) VALUES ('3', '1', 'zhaojun', '3', '1', '2015-8-25', '2015-8-25');
INSERT INTO `TB_ACT_TIMES` (`TIMES_ID`, `ACTIVITY_ID`, `BUYER_NICK`, `TIMES`, `LIMIT_TYPE`, `CREATE_TIME`, `UPDATE_TIME`) VALUES ('4', '2', 'zhouliang', '5', '1', '2015-8-25', '2015-8-25');

/**活动产品*/
INSERT INTO `TB_ACT_PRODUCTS` (`ACT_PRODUCTS_ID`, `PRODUCT_ID`, `PRODUCT_SRC`, `ACTIVITY_ID`) VALUES ('1', '1', 'TAOBAO', '1');
INSERT INTO `TB_ACT_PRODUCTS` (`ACT_PRODUCTS_ID`, `PRODUCT_ID`, `PRODUCT_SRC`, `ACTIVITY_ID`) VALUES ('2', '2', 'JD', '1');
INSERT INTO `TB_ACT_PRODUCTS` (`ACT_PRODUCTS_ID`, `PRODUCT_ID`, `PRODUCT_SRC`, `ACTIVITY_ID`) VALUES ('3', '1', 'TAOBAO', '2');
INSERT INTO `TB_ACT_PRODUCTS` (`ACT_PRODUCTS_ID`, `PRODUCT_ID`, `PRODUCT_SRC`, `ACTIVITY_ID`) VALUES ('4', '2', 'PAIPAI', '2');
INSERT INTO `TB_ACT_PRODUCTS` (`ACT_PRODUCTS_ID`, `PRODUCT_ID`, `PRODUCT_SRC`, `ACTIVITY_ID`) VALUES ('5', '3', 'OWNER', '2');



/*买家（会员模块）***********************************************************************************/
INSERT INTO `TB_MEMBER_BUYER` (`BUYER_ID`, `BUYER_NICK`, `REAL_NICK`, `NAME`, `MOBILE`, `EMAIL`, `QQ`, `CITY`, `SEX`, `JOB`, `HOLD1`, `HOLD2`, `STATUS`, `LAST_LOGIN_TIME`, `CREATE_TIME`, `UPDATE_TIME`) VALUES ('1', 'zhouliang', 'zhouliang', '周亮', '18623443343', 'a@qq.com', '111', 'sz', 'M', 'IT', 'HOLD1', 'HOLD2', '1', '2015-8-27', '2015-8-27', '2015-8-27');
INSERT INTO `TB_MEMBER_BUYER` (`BUYER_ID`, `BUYER_NICK`, `REAL_NICK`, `NAME`, `MOBILE`, `EMAIL`, `QQ`, `CITY`, `SEX`, `JOB`, `HOLD1`, `HOLD2`, `STATUS`, `LAST_LOGIN_TIME`, `CREATE_TIME`, `UPDATE_TIME`) VALUES ('2', 'zhouyang', 'zhouyang', '周扬', '18623443452', 'b@qq.com', '222', 'hz', 'M', 'IT', 'HOLD1', 'HOLD2', '1', '2015-8-27', '2015-8-27', '2015-8-27');
INSERT INTO `TB_MEMBER_BUYER` (`BUYER_ID`, `BUYER_NICK`, `REAL_NICK`, `NAME`, `MOBILE`, `EMAIL`, `QQ`, `CITY`, `SEX`, `JOB`, `HOLD1`, `HOLD2`, `STATUS`, `LAST_LOGIN_TIME`, `CREATE_TIME`, `UPDATE_TIME`) VALUES ('3', 'zhaocaifang', 'zhaocaifang', '赵彩芳', '1862344879', 'c@qq.com', '333', 'sz', 'F', 'BUSINESS', 'HOLD1', 'HOLD2', '1', '2015-8-27', '2015-8-27', '2015-8-27');
INSERT INTO `TB_MEMBER_BUYER` (`BUYER_ID`, `BUYER_NICK`, `REAL_NICK`, `NAME`, `MOBILE`, `EMAIL`, `QQ`, `CITY`, `SEX`, `JOB`, `HOLD1`, `HOLD2`, `STATUS`, `LAST_LOGIN_TIME`, `CREATE_TIME`, `UPDATE_TIME`) VALUES ('4', 'laowang', 'laowang', '老王', '18623443456', 'd@qq.com', '444', 'hn', 'M', 'N/A', 'HOLD1', 'HOLD2', '1', '2015-8-27', '2015-8-27', '2015-8-27');


/*卖家*/
INSERT INTO `TB_MEMBER_SELLER` (`SELLER_ID`, `SELLER_NICK`, `CODE`, `PWD`, `SEX`, `BIRTHDAY`, `AVATAR`, `EMAIL`, `QQ`, `LAST_LOGIN_TIME`, `CREATE_TIME`, `UPDATE_TIME`) VALUES ('1', 'TEST1', 'z', '0a1365036650a5d7d08b0de847b31453', 'F', '1981-1-1', 'http://a.jpg', '1@sina.com', '18723351', '2015-9-6', '2015-9-6', '2015-9-6');
INSERT INTO `TB_MEMBER_SELLER` (`SELLER_ID`, `SELLER_NICK`, `CODE`, `PWD`, `SEX`, `BIRTHDAY`, `AVATAR`, `EMAIL`, `QQ`, `LAST_LOGIN_TIME`, `CREATE_TIME`, `UPDATE_TIME`) VALUES ('2', 'TEST2', 'x', '0a1365036650a5d7d08b0de847b31453', 'F', '1981-1-1', 'http://b.jpg', '2@sina.com', '2342343234', '2015-9-6', '2015-9-6', '2015-9-6');
INSERT INTO `TB_MEMBER_SELLER` (`SELLER_ID`, `SELLER_NICK`, `CODE`, `PWD`, `SEX`, `BIRTHDAY`, `AVATAR`, `EMAIL`, `QQ`, `LAST_LOGIN_TIME`, `CREATE_TIME`, `UPDATE_TIME`) VALUES ('3', 'TEST3', 'v', '0a1365036650a5d7d08b0de847b31453', 'M', '1981-1-1', 'http://c.jpg', '3@sina.com', '2342356', '2015-9-6', '2015-9-6', '2015-9-6');
INSERT INTO `TB_MEMBER_SELLER` (`SELLER_ID`, `SELLER_NICK`, `CODE`, `PWD`, `SEX`, `BIRTHDAY`, `AVATAR`, `EMAIL`, `QQ`, `LAST_LOGIN_TIME`, `CREATE_TIME`, `UPDATE_TIME`) VALUES ('4', 'TEST4', 'b', '0a1365036650a5d7d08b0de847b31453', 'M', '1981-1-1', 'http://d.jpg', '4@sina.com', '8754644', '2015-9-6', '2015-9-6', '2015-9-6');


/*买家会员卡账户信息*/
INSERT INTO `TB_MEMBER_BUYERINFO` (`MEMBER_INFO_ID`, `MEMBER_CARD`, `BUYER_NICK`, `SELLER_NICK`, `RED_ENVELOPE`, `SET_POINTS`, `SCORE`, `LOTTERY`, `PACKET_FLOW`, `COUPON`, `STATUS`, `HOLD1`, `HOLD2`, `CREATE_TIME`, `UPDATE_TIME`) VALUES ('1', 'CARD1', 'zhouliang', 'TEST1', '5', '66', '0', '2', '1', '12', '1', 'HOLD1', 'HOLD2', '2015-9-7', '2015-9-7');
INSERT INTO `TB_MEMBER_BUYERINFO` (`MEMBER_INFO_ID`, `MEMBER_CARD`, `BUYER_NICK`, `SELLER_NICK`, `RED_ENVELOPE`, `SET_POINTS`, `SCORE`, `LOTTERY`, `PACKET_FLOW`, `COUPON`, `STATUS`, `HOLD1`, `HOLD2`, `CREATE_TIME`, `UPDATE_TIME`) VALUES ('2', 'CARD2', 'zhouliang', 'TEST2', '6', '77', '0', '3', '1', '5', '1', 'HOLD1', 'HOLD2', '2015-9-7', '2015-9-7');
INSERT INTO `TB_MEMBER_BUYERINFO` (`MEMBER_INFO_ID`, `MEMBER_CARD`, `BUYER_NICK`, `SELLER_NICK`, `RED_ENVELOPE`, `SET_POINTS`, `SCORE`, `LOTTERY`, `PACKET_FLOW`, `COUPON`, `STATUS`, `HOLD1`, `HOLD2`, `CREATE_TIME`, `UPDATE_TIME`) VALUES ('3', 'CARD3', 'zhaocaifang', 'TEST1', '14', '88', '1', '3', '1', '5', '0', 'HOLD1', 'HOLD2', '2015-9-7', '2015-9-7');
INSERT INTO `TB_MEMBER_BUYERINFO` (`MEMBER_INFO_ID`, `MEMBER_CARD`, `BUYER_NICK`, `SELLER_NICK`, `RED_ENVELOPE`, `SET_POINTS`, `SCORE`, `LOTTERY`, `PACKET_FLOW`, `COUPON`, `STATUS`, `HOLD1`, `HOLD2`, `CREATE_TIME`, `UPDATE_TIME`) VALUES ('4', 'CARD4', 'zhaocaifang', 'TEST2', '16', '99', '1', '0', '1', '9', '1', 'HOLD1', 'HOLD2', '2015-9-7', '2015-9-7');


/*买家会员动态*/
INSERT INTO `TB_MEMBER_DYNAMIC` (`DYNAMIC_ID`, `SELLER_NICK`, `BUYER_NICK`, `DESCRIPTION`, `CREATE_TIME`) VALUES ('1', 'TEST1', 'zhouliang', '签到获取1个积分', '2015-9-7');
INSERT INTO `TB_MEMBER_DYNAMIC` (`DYNAMIC_ID`, `SELLER_NICK`, `BUYER_NICK`, `DESCRIPTION`, `CREATE_TIME`) VALUES ('2', 'TEST2', 'zhouliang', '签到获取10个积分', '2015-9-7');
INSERT INTO `TB_MEMBER_DYNAMIC` (`DYNAMIC_ID`, `SELLER_NICK`, `BUYER_NICK`, `DESCRIPTION`, `CREATE_TIME`) VALUES ('3', 'TEST1', 'zhaocaifang', '登录', '2015-9-7');
INSERT INTO `TB_MEMBER_DYNAMIC` (`DYNAMIC_ID`, `SELLER_NICK`, `BUYER_NICK`, `DESCRIPTION`, `CREATE_TIME`) VALUES ('4', 'TEST1', 'zhouliang', '玩大转盘获取1个积分', '2015-9-7');


/*买家店铺*/
INSERT INTO  `TB_MEMBER_SHOP` (`SID`, `SELLER_NICK`, `SHOP_ID`, `HREF`, `THIRD_SYSTEM_TYPE`, `TITLE`, `CREATE_TIME`, `UPDATE_TIME`) VALUES ('1', 'TEST1', '111', 'https://bobbibrown.tmall.com', 'TAOBAO', '芭比波朗官方旗舰店', '2015-9-8', '2015-9-8');
INSERT INTO `TB_MEMBER_SHOP` (`SID`, `SELLER_NICK`, `SHOP_ID`, `HREF`, `THIRD_SYSTEM_TYPE`, `TITLE`, `CREATE_TIME`, `UPDATE_TIME`) VALUES ('2', 'TEST2', '222', 'http://shop.paipai.com/2738596934', 'PAIPAI', '老瑞手机', '2015-9-8', '2015-9-8');
INSERT INTO  `TB_MEMBER_SHOP` (`SID`, `SELLER_NICK`, `SHOP_ID`, `HREF`, `THIRD_SYSTEM_TYPE`, `TITLE`, `CREATE_TIME`, `UPDATE_TIME`) VALUES ('3', 'TEST2', '222', 'http://haier.jd.com/', 'JD', '海尔', '2015-9-8', '2015-9-8');
INSERT INTO  `TB_MEMBER_SHOP` (`SID`, `SELLER_NICK`, `SHOP_ID`, `HREF`, `THIRD_SYSTEM_TYPE`, `TITLE`, `CREATE_TIME`, `UPDATE_TIME`) VALUES ('4', 'TEST3', '333', 'http://oneplus.jd.com/', 'JD', '一加', '2015-9-8', '2015-9-8');


/*买家映射*/
INSERT INTO `TB_MEMBER_BUYER_MAPPING` (`MAPPING_ID`, `BUYER_NICK`, `THIRD_SELLER_NICK`, `THIRD_SYSTEM_TYPE`, `THIRD_BUYER_NICK`, `THIRD_BUYER_ID`, `CREATE_TIME`, `UPDATE_TIME`) VALUES ('1', 'zhouliang', 'jd_huawei', 'JD', 'jd_zhouliang1', '1', '2015-9-8', '2015-9-8');
INSERT INTO `TB_MEMBER_BUYER_MAPPING` (`MAPPING_ID`, `BUYER_NICK`, `THIRD_SELLER_NICK`, `THIRD_SYSTEM_TYPE`, `THIRD_BUYER_NICK`, `THIRD_BUYER_ID`, `CREATE_TIME`, `UPDATE_TIME`) VALUES ('2', 'zhouliang', 'jd_yijia', 'JD', 'jd_zhouliang2', '1', '2015-9-8', '2015-9-8');
INSERT INTO `TB_MEMBER_BUYER_MAPPING` (`MAPPING_ID`, `BUYER_NICK`, `THIRD_SELLER_NICK`, `THIRD_SYSTEM_TYPE`, `THIRD_BUYER_NICK`, `THIRD_BUYER_ID`, `CREATE_TIME`, `UPDATE_TIME`) VALUES ('3', 'zhouliang', 'paipai_huawei', 'PAIPAI', 'paipai_zhouliang1', '12', '2015-9-8', '2015-9-8');
INSERT INTO `TB_MEMBER_BUYER_MAPPING` (`MAPPING_ID`, `BUYER_NICK`, `THIRD_SELLER_NICK`, `THIRD_SYSTEM_TYPE`, `THIRD_BUYER_NICK`, `THIRD_BUYER_ID`, `CREATE_TIME`, `UPDATE_TIME`) VALUES ('4', 'zhouyang', 'taobao_huawei', 'TAOBAO', 'taobao_zhouyang1', '21', '2015-9-8', '2015-9-8');


/*卖家授权*/
INSERT INTO `TB_MEMBER_SELLER_AUTH` (`AUTH_ID`, `SELLER_NICK`, `THIRD_SYSTEM_TYPE`, `THIRD_SELLER_ID`, `THIRD_SELLER_NICK`, `THIRD_SUB_SELLER_ID`, `THIRD_SUB_SELLER_NICK`, `ACCESS_TOKEN`, `TOKEN_TYPE`, `EXPIRES_IN`, `REFRESH_TOKEN`, `RE_EXPIRES_IN`, `R1_EXPIRES_IN`, `R2_EXPIRES_IN`, `W1_EXPIRES_IN`, `W2_EXPIRES_IN`, `CREATE_TIME`, `UPDATE_TIME`) VALUES ('1', 'TEST1', 'JD', '67', 'JD_TEST1', '69', 'JD_SUB_TEST1', 'ACCESSTOKEN1', 'WEB', '1000', 'REFRESHTOKEN1', '2000', '3000', '4000', '5000', '6000', '2015-9-10', '2015-9-10');
INSERT INTO `TB_MEMBER_SELLER_AUTH` (`AUTH_ID`, `SELLER_NICK`, `THIRD_SYSTEM_TYPE`, `THIRD_SELLER_ID`, `THIRD_SELLER_NICK`, `THIRD_SUB_SELLER_ID`, `THIRD_SUB_SELLER_NICK`, `ACCESS_TOKEN`, `TOKEN_TYPE`, `EXPIRES_IN`, `REFRESH_TOKEN`, `RE_EXPIRES_IN`, `R1_EXPIRES_IN`, `R2_EXPIRES_IN`, `W1_EXPIRES_IN`, `W2_EXPIRES_IN`, `CREATE_TIME`, `UPDATE_TIME`) VALUES ('2', 'TEST1', 'PAIPAI', '68', 'PAIPAI_TEST1', '70', 'PAIPAI_SUB_TEST1', 'ACCESSTOKEN2', 'APP', '1001', 'REFRESHTOKEN2', '2001', '3001', '4001', '5001', '6001', '2015-9-10', '2015-9-10');
INSERT INTO `TB_MEMBER_SELLER_AUTH` (`AUTH_ID`, `SELLER_NICK`, `THIRD_SYSTEM_TYPE`, `THIRD_SELLER_ID`, `THIRD_SELLER_NICK`, `THIRD_SUB_SELLER_ID`, `THIRD_SUB_SELLER_NICK`, `ACCESS_TOKEN`, `TOKEN_TYPE`, `EXPIRES_IN`, `REFRESH_TOKEN`, `RE_EXPIRES_IN`, `R1_EXPIRES_IN`, `R2_EXPIRES_IN`, `W1_EXPIRES_IN`, `W2_EXPIRES_IN`, `CREATE_TIME`, `UPDATE_TIME`) VALUES ('3', 'TEST2', 'TAOBAO', '88', 'TAOBAO_TEST2', '89', 'TAOBAO_SUB_TEST2', 'ACCESSTOKEN3', 'WEB', '1002', 'REFRESHTOKEN3', '2002', '3002', '4002', '5002', '6002', '2015-9-10', '2015-9-10');
INSERT INTO `TB_MEMBER_SELLER_AUTH` (`AUTH_ID`, `SELLER_NICK`, `THIRD_SYSTEM_TYPE`, `THIRD_SELLER_ID`, `THIRD_SELLER_NICK`, `THIRD_SUB_SELLER_ID`, `THIRD_SUB_SELLER_NICK`, `ACCESS_TOKEN`, `TOKEN_TYPE`, `EXPIRES_IN`, `REFRESH_TOKEN`, `RE_EXPIRES_IN`, `R1_EXPIRES_IN`, `R2_EXPIRES_IN`, `W1_EXPIRES_IN`, `W2_EXPIRES_IN`, `CREATE_TIME`, `UPDATE_TIME`) VALUES ('4', 'TEST3', 'TAOBAO', '99', 'TAOBAO_TEST3', '100', 'TAOBAO_SUB_TEST3', 'ACCESSTOKEN4', 'WEB', '1003', 'REFRESHTOKEN4', '2003', '3003', '4003', '5003', '6003', '2015-9-10', '2015-9-10');
